{
    "authors": {
        "name": "sem kleyman",
        "url": "https://os.mbed.com/users/sem40590/"
    },
    "build": {
        "builder": "MbedLibBuilder"
    },
    "description": "t",
    "examples": [
        "https://os.mbed.com/users/sem40590/code/MPU6050/"
    ],
    "frameworks": "mbed",
    "keywords": [],
    "name": "I2Cdev",
    "platforms": "*",
    "repository": {
        "type": "hg",
        "url": "https://os.mbed.com/users/sem40590/code/I2Cdev/"
    },
    "version": "0.0.0+sha.bb5ba74750af"
}